url,label
https://wyzxcvb.cn
https://www.xxfj168.com
https://www.usoo23.xyz/
https://www.szhjqbzzs.com
https://www.shinylife168.com
https://www.qy1819.com
https://www.onecaeds.com/
https://www.liangba121.com
https://www.kenscottsculptures.com
https://www.jinriyuedu.com
https://www.japanpost.yeviwqg.top
https://www.japanpost.vynehlx.top
https://www.japanpost.twjfxid.top
https://www.japanpost.nfanmmj.top
https://www.japanpost.krucbhe.top
https://www.japanpost.gfxxkqy.top
https://www.japanpost.evzfpph.top
https://www.japanpost.cpyjzym.top
https://www.japanpost.cheeqwp.top
https://www.japanpost.aqtyuuj.top
https://www.ius-sb.xyz/
https://www.himalayalighting.com
https://www.gzyyfjy.com
https://www.gzyangjia.com
https://www.ep-card.com/
https://www.cuoivuive.com
https://www.cnszgzdz.com
https://www.cnqianghao.com
https://www.caihelp.com
https://www.bjruntech.com
https://www.bjbookshop.com
https://www.areaclientiweb.eu/
https://workers-playground-long-river-9d66.brianstuart.workers.dev
https://worker-winter-pond-9196.jcjurnp.workers.dev
https://worker-winter-hall-0d1f.execuiisine.workers.dev
https://worker-weathered-bird-7ff7.piperfetto11.workers.dev
https://worker-tight-art-c6d0.kordaslet.workers.dev
https://worker-summer-disk-cc9e.ecooke1.workers.dev
https://worker-square-mouse-718c.tokaro1705.workers.dev
https://worker-small-sunset-67eb.hvacbalancinges1.workers.dev
https://worker-small-smoke-b462.godahag899.workers.dev
https://worker-rapid-mountain-ed9d.llundy.workers.dev
https://worker-purple-rice-b16b.dollarjar.workers.dev
https://worker-damp-lab-278d.susanevannsss1.workers.dev
https://worker-crimson-wind-9afb.jaxaxok871.workers.dev
https://webmail59410e051b302dd660061d87931b354a59410e051b302dd660061d87.adminwebmail.workers.dev
https://webadmnatece.wapka.co/
https://weathered-disk-d987.newestdesigngraphics.workers.dev
https://argonline.xyz/dni/index.html
https://88dd3n-8080.csb.app/
https://vbvfdvdjvv.fyfyvfytvghv.workers.dev
https://usps.ycrehbjmzr.top/
https://usps.rfemdsjjdp.top/
https://usps.qtqmjfkpbg.top/
https://usps.pvgqinqibs.top/
https://usps.posttrackingportal.com/
https://usps.posttrackinfo.com/
https://usps.postdeliveryhub.com/
https://usps.postclaimnest.com/
https://usps.postcarexpress.com/
https://usps.officialpostdelivery.com/
https://usps.mytrackingte.top/
https://usps.mytrackingrc.top/
https://usps.mytrackingr-ny.top/
https://culturalstage.online/8aad35a7dd8441713339f0dfdc8f7ab8
https://d.isney-plus.com/login/identity/
https://usps.matlxribgr.top/
https://usps.kludjrlpcu.top/
https://delivery-service-au-br-ar-moujtabid60474585.codeanyapp.com//wp-content/plugins/ubh/spotify/main/
https://jemi.so/sgspotifysubsa
https://usps.globalposttracker.com/
https://usps.ctrlpostspot.com/
https://uspeed01.xyz/
https://update-db.app/
https://tyrhrt.weeblysite.com
https://thehitchhouse.pages.dev
https://technokbuzz.us/ppKId77rWgreaevggJ2ucwGn/RcRGHQJPdhlpaM9qVjRCb/u.php
https://posta-zasebno.top/si
https://t.ly/fuypC
https://sumjourned-aut.ygto.com/msidecrt.php?sinvu7yfte=1
https://storageapi-new.fleek.co/ab4b0b67-82a9-451d-a0eb-cf71e80f8c44-bucket/yss/ind.html
https://stetaryps-shid.qhigh.com
https://sps.posttrackhub.com/
https://sniboxper-opera.zzux.com
https://smelcondl-neut.almostmy.com
https://smbc01.top/
https://sigtlynif-from.sexidude.com
https://shiny-resonance-c1e5.shani6843.workers.dev
https://daosystemapps.web.app
https://shared-smiles4kidsdental-0113.pakela3445.workers.dev
https://gfbfgfyr.fyfyvfytvghv.workers.dev
https://gatewaypd.pages.dev
https://gaoemormremidiekv.daevon954.workers.dev
https://frsharepointagrant-rice-b9ea.c-1ou-dostorage.workers.dev
https://fqed.cujptej5sy5356.workers.dev
https://fiouo01.info/
https://falling-rain-dbb7.bemlehumle8227.workers.dev
https://falling-hall-35ca.bzefiragnloe1965.workers.dev
https://serviceglsgroup.on.fleek.co/
https://saviopheng-ors.serveusers.com/msidecrt.php?sinvu7yfte=1
https://s.id/24DKb
https://cloudflare-ipfs.com/ipfs/bafybeidzzfth5nqluabhlubwt3yo5ys6xx7oemvk4v6md7nmzbprk3qqrm#blutz@arhomes.com
https://rough-wind-5fae.semberpakr.workers.dev
https://riamomodmoemivinz.zavier4766.workers.dev
https://regalgraphics.pages.dev
https://reclo-sshared-da3c.ujtmeastahemw.workers.dev
https://rechat.dating-site.workers.dev
https://rddavs.shop/
https://punchbbevite.info/ge/
https://project.shared-remit-auth.workers.dev
https://profile-auth-51b7.s9afo8oi.workers.dev
https://posttrackingportal.com/
https://posttrackcenter.com/
https://postlogisticstrack.com/
https://postdeliverytrack.com/
https://portal.bakfar.workers.dev
https://outlook-updatesall-f608.fimlaraspa.workers.dev
https://outlook-de-c6fa.martukerzo.workers.dev
https://outloohton-b1.9661slim.workers.dev
https://ourtime.people-meedia.workers.dev
https://officedde6c95dd507ff48b539d60eff26b5dadde6c95dd507ff48b539d60ef.theinspectiongroup.workers.dev
https://nvbjmister.tivdflpom7688.workers.dev
https://note-dust-36ec.kamakiy9848734.workers.dev
https://njuhyhf.johnadams09.workers.dev
https://njedxgh.romerodrashraf581.workers.dev
https://naeuat-14a3.ienainhslfcenoefa.workers.dev
https://myworkingthing.lijiwon124e-fasfa-fasfafa-fas.workers.dev
https://myoutlook-notificati0.lirzizupsi.workers.dev
https://myahoo-notificati0ns.gurzanutro.workers.dev
https://misty-pond-905a.skniapeoosrp4335.workers.dev
https://microolucy-snow.mngolrq.workers.dev
https://metapolice1956.mdbgo.io/support.html
https://t.co/LOB1rqL2YM
https://meaier-1e60.aaumdlayetreoks.workers.dev
https://marthaobryan-c7w.pages.dev
https://mail.profil.aktualisieren.87-121-52-217.cprapid.com/
https://maie-124e.bfyrppzr.workers.dev
https://gsu9iqx6.square.site/
https://lucky-fire.qulakecy.workers.dev
https://long-lake-ac9f.vospipuspa185.workers.dev
https://li0am-2cfb.udicaalolfano.workers.dev
https://lanumbrge-cipat.ikwb.com/msidecrt.php?sinvu7yfte=1
https://kin-0c8b.xilih94477.workers.dev
https://jp.mercari.cycloneman.com/
https://joecramer.pages.dev/
https://jkghjj.kolomo.workers.dev
https://ipfs.io/ipfs/QmWWZZD9MwWCXMyMEsudyjHYNyDJgemxxhTLziHsgU4pFe
https://invoice2.irs857426.workers.dev
https://index.pay-customer2.support/
https://iftucs.hnuplsn.workers.dev
https://icy-boat-f94e.ninonlzeatleicw7551.workers.dev
https://hu.vodafenge.yourtrap.com/message
https://https.trackpostcentral.com/
https://hotmailupdate-dus.turtipafyo.workers.dev
https://home-onthegorge-shared.gawabaf768.workers.dev
https://home-bold-office-07eb.sebidoy177.workers.dev
https://hello-world-wandering-mouse-f1ba.bulmimomlu.workers.dev
https://hello-world-twilight-cell-4a98.john-eed.workers.dev
https://hello-world-sparkling-river-9941.cafyidelmo.workers.dev
https://hello-world-shrill-recipe-b56d.yorox63274.workers.dev
https://hello-world-royal-butterfly-1fea.dodrevagne.workers.dev
https://hello-world-purple-glade-70e7.cumlazukko.workers.dev
https://hello-world-patient-scene-f24a.antonio-cabral.workers.dev
https://hello-world-noisy-rain-2f8a.eteme.workers.dev
https://hello-world-misty-cloud-2546.hiltilafyo.workers.dev
https://hello-world-lingering-disk-b940.jeanrossjj.workers.dev
https://hello-world-green-bonus-a413.tordujelte.workers.dev
https://hello-world-dawn-water-6aec.seguiuinn.workers.dev
https://hello-world-ancient-bar-5ec3.hsmith6897.workers.dev/
https://hdbreo.mkpops.workers.dev
https://hbkjn.roloco8457.workers.dev
https://go-link.ru/mQLDX
https://steamcommunivy.com/gift/76561199111538119
https://globalposttracker.com/
https://gjkjlkl.fjjlljgfhf.workers.dev
https://gfnbtr.bhtrdm.workers.dev
https://gfhfghdhgf.fyfyvfytvghv.workers.dev
https://fidelity-invest.us/auth/Login/login.php
https://exc12fg1.pages.dev/
https://evrliil.top/i
https://evit00137now.top/
https://elitecareerschools.pages.dev/
https://efileirsgov.help/o/s/a/
https://eclectic-macaron-db322a.netlify.app/
https://document-file.secure-autth.workers.dev
https://docmilo.qasimpercy372.workers.dev
https://doc-oudslc-b0.lcoanistmora.workers.dev
https://dhbtfbc.bhbvcc.workers.dev
https://demo.edvantech.net/dedh/app/index.php?userid=589614f4059c694cd0fd49e71249d610&ue=d346c2bc24a74cc35bc7c84444da4925
https://deliverydexpress.com/dned/
https://delicate-hazac0.iod8h2mi.workers.dev
https://deepalkhonkaen.com/wp-content/
https://deepalkhonkaen.com/wp-content
https://crimson-wildflower-8384.zkc3637.workers.dev
https://codec.strekthomas.workers.dev
https://cloudss-9dc6.krlieuawlcsoiizer.workers.dev
https://cloudflare-ipfs.com/ipfs/QmX4WG9i6svNo7QbAwn7yb2Tk6a5rFAhM5XvSGusSr18f8
https://cloudflare-ipfs.com/ipfs/QmSxkZtfiDr1V8bYjKReZkcqJDzxiyRtcGakStdwvT6cPg
https://cloudflare-ipfs.com/ipfs/QmRaYqANG1HsKDDYozfNj95vxsmXqsaxe3TS7NYfcE8kbs/
https://cloudflare-ipfs.com/ipfs/Qmcg6v5ffF7TyxRXhpW4YywgFSEBeTC21CG8fZYq9vEGWd/
https://cloudflare-ipfs.com/ipfs/bafybeignxes5dp5ck4sxwhwtk4gf44hq5hw4kytnreuxcv3n7ymkpu5asm/tbbbaask.html
https://cloudflare-ipfs.com/ipfs/bafybeigeucg3x3wvutugcld2egma2dsosxusvcpihozd5wzbimewcc5cke/wikxdupojk.html
https://cloudflare-ipfs.com/ipfs/bafybeige4orn3cf35s3ujtjrhu3nttgbvf6lbhzpwdnttkp32jig4pnfpe/?openboxmailer/auto/eMail.web/987FTmail.authenticate/checking_auth0/authenticate-userid/
https://cloudflare-ipfs.com/ipfs/bafybeig2oatei4wf6r6baruxg7m6g3k23b6ublwrinbxwbqu4zolla2s4y/webdata-index.html
https://cloudflare-ipfs.com/ipfs/bafybeifhz3dfugotxgjbiar4vxy53me4w2z67p2mat6xmercebx6bs4y7m/hala.html
https://cloudflare-ipfs.com/ipfs/bafybeie552bh3hwifspdzyvbideoyj4e2cmmj5rw6ldomuyykah7cnac2y
https://cloudflare-ipfs.com/ipfs/bafybeic7ep7nqzu7cwskvxdkgiszxqxelclegzo2yxojdmhdgofjtsukxe/serverschou.html
https://cloudflare-ipfs.com/ipfs/bafybeianulr3ab2i3fi7pktvs2h6vi7a5655n6rqub6ztfyvx4nx77ujvi/myscr450858.html
https://cloudflare-ipfs.com/ipfs/bafkreihrdy6uuup6ui7s6t3wgis4rv3p5uuwlhe5qn272i3obph5pmw5ce?filename=Inbox.html
https://cloudflare-ipfs.com/ipfs/bafkreigvrkd5vt7zzdlkiffwq6ntkjhl5kppaen6co4ppfchwvtfesjk7e
https://cloudflare-ipfs.com/ipfs/bafkreifxtq7u2xj263vxdseynksjasgi6rzot6cqfld5eodfiddwplb2lu
https://cloudflare-ipfs.com/ipfs/bafkreifm5nhwf57ll4jeutid4464rwxjci3mdfnfyvizh6tbxxmsr5kyby
https://cloudflare-ipfs.com/ipfs/bafkreierljmoz5z74l4levwmchcf7m7cja3hwef5okmszjxjj6hq7q7ngm
https://cloudflare-ipfs.com/ipfs/bafkreidzc5wwijrrbcageidztdw5vficd2tyfx54h34wg4zha7easnpc2a
https://cloudflare-ipfs.com/ipfs/bafkreibvxneqvx4k3o3teumu5ylycnb5xefxs23uqrouggw5cqiskopgyi
https://cloudflare-ipfs.com/ipfs/bafkreibrn5ojo76fqmtx7gwqj44mdlqqoaelgobpfmlhx4glpyp4ygcqeu
https://cloudflare-ipfs.com/ipfs/bafkreiblr36tx4bwntra7oa5ax5laggxxzbx35zdl6b7vh23k6yj5mmcja
https://childstrive-1lm.pages.dev
https://chat.auth-meta.workers.dev
https://ch.che-postaem.top/track
https://cba-corp.pages.dev
https://bring-sing.hjtanccrnheteua.workers.dev
https://bnokas.hbnilmn.workers.dev
https://blou-79bc.hedozriikbe.workers.dev
https://bjhbghdbb.fyfyvfytvghv.workers.dev
https://billowing-limit-216c.tk6913.workers.dev
https://billowing-credit-91ef.zkc3637.workers.dev
https://bikeados.com/
https://bhfc4rtyu.dayakaran-sandhu.workers.dev
https://basic-bundle-wispy-morning-11f0.darrenmastriannaft1540.workers.dev
https://bancaintesa.52-221-237-151.cprapid.com/login.php
https://b.torayn.com/
https://autumn-recipe-1448.5o662488.workers.dev
https://auebg-8a9e.bosrmeadeklc.workers.dev
https://att0nline-update.jykeloti.workers.dev
https://arvestus.pages.dev
https://aoelc-0218.ralaeyrifh.workers.dev
https://ancient-frog-feb3.jdcgcvnn.workers.dev
https://amueni-fdec.cllneifebrotliud.workers.dev
https://amtex-6ww.pages.dev
https://almlecost-cost.freeddns.com
https://alice-5i9.pages.dev
https://adobe0.pages.dev
https://acute-sticky-trigonometry.glitch.me/
https://accout.mercari.jp.win3win.com
https://accout.jp.win3win.com
https://71wo1s.csb.app/ebb2dedf-70a9-44ef-ba34-6b74e9c388a3
https://71wo1s.csb.app/3dcbc5b6-b374-4d94-9f33-34ca961601c3
https://2f3a.reicrut-chat.workers.dev
https://1nv1tati10n.live/v1ew/
https://178qf-xy.vip/web/mobile/index.php
http://worker-dark-resonance-47b6.mewacot599.workers.dev
http://uspsloans.cc
https://uspsloans.cc/
http://t-online-news.de/login.php
http://mail-shape-577a.dasbord1.workers.dev
http://hello-world-ancient-bar-5ec3.hsmith6897.workers.dev/
http://diatiosm-gem.mysecondarydns.com/web/mobile/index.php
http://danskebank-asiakaspalvelun-login.vapesme.go.zd.fr/danskebank/html/index.php?pwd=GHOST&cheking=pass&id=9908923&access=
http://43.133.181.144
https://vfo.hdv.mybluehost.me/website_acd23cc7/wp-admin/js/widgets/PIRLA/ANO11/ANO11/dossier/page-1.html
https://rebrand.ly/b6b16d
https://minibarcare.com/wp-content/newtruexfinity/485ef2880c56188722b12401a0704aa4/
https://minibarcare.com/wp-content/newtruexfinity/a376bdc4ed20f0ec1bf8e9c6f3d3fc38/
https://rebrand.ly/r57azbp
https://rebrand.ly/3thq1la
https://cloudflare-ipfs.com/ipfs/bafybeif42zbxvd575nu36gmrsske6yrwcuyn527alg3k7dfid2dijniwke/updateaccountmy.html
https://rebrand.ly/uda4njv
https://ae-pso5.xyz/yei5sh?UXP=KBNPhi5WCJ
https://rebrand.ly/svhfm9?UXP=KBNPhi5WCJ
https://postlt.motorcycles/HCY8xB
https://rebrand.ly/s509z3s
https://rebrand.ly/rrbbvih?krq=rhy2OD9Yku
https://rebrand.ly/hxcbezn
https://postlt.bar/lt/
https://postlte.xyz/ty
https://rebrand.ly/d7cawqg
https://postlt.cfd/lt/
https://rebrand.ly/b68od0y?pks=X77KI50RNT
https://ae-pso4.top/5oaziw
https://rebrand.ly/agrhe8
https://cowre.buzz/cze/
https://rebrand.ly/8ycxce3
https://postlt.boats/HCY8xB
https://rebrand.ly/215688
http://web-authredirectign-23788.weeblysite.com/
https://att-home-148480.weeblysite.com/
https://web-authredirectign-23788.weeblysite.com/
https://bbva.app-informa.com
https://caixabank.caixa-apps.com/es/login
https://caixabank.web-caixa-es.com
https://es.web-bbva-apps.com/app/login
https://lngdirect.app-es-inicio.com/app/login
https://lngdirect.es-info-ing.com/app/login
https://lngdirect.es-inicio-seguridad.com/app/login
https://lngdirect.inicio-es-seguridad.com/app/login
https://lngdirect.inicios-es-clientes.com/app/login
https://lngdirect.inicios-es-seguridad.com/app/login
https://rakuten-card.xmcjybh.cn
https://smbc-card.pwfuydt.cn
https://usps.privacy-postalpro.click/tracking
https://www.empresas-abanca-es.com/WELE200M_Logon_Ini.aspx
https://www.es-bancamarch.com/apps/login
https://www.es-bankinter.com/app/login
https://www.incidencia-abanca.com/app/WELE200M_Logon_Ini.aspx
https://www.incidencias-cajamar.com/app/home
https://www.ing-inicios.com/_es/login
https://www.openbank-web-inicio.com/login
https://www.portal-kutxabank.info/_es/login
http://17564w5ertyu33-9728635h.surge.sh/
https://ip179.ip-51-81-193.us/ch/v268hpags45hvaah
https://order-status-ca-fedex.com/secure
https://reset-delivery-fedex-ca.com/secure
https://shipment-reschedule-ca-fedex.com/secure
https://status-shipment-ca-fedex.com/secure
https://verify06a.com/ch/jAoQvaS1yBiVwz1B
https://verify06a.com/ch/unhdJqEocZcPacpJ
https://verify06a.com/ch/uX3ZGhqKrF71JvNw
https://verify8a.com/ch/1dlls6qlga1l6tlb
https://verify8a.com/ch/mu5vefpeogbehawg
https://jbmdchw.cn/
https://jiagkug.cn
https://kjgluyi.pages.dev
https://koryst.com/aeon
https://krdt7a.cn
https://l5omhe.cn
https://l5xjog.cn
https://myq1vb.cn
https://neverablbe-its.misecure.com/msidecrt.php?sinvu7yfte=1
https://notification-alert.pages.dev
https://np1gud.cn
https://ntzmsmc.cn/
https://oeozgwp.cn
https://pknribt.com/
https://pknrogf.com/
https://pknrohv.com/
https://pknrybg.com/
https://r1iufe.cn
https://rktriyz.cn
https://s4jxki.cn
https://smbc-card.dgvzlde.cn/
https://smbc-card.dqbzkvc.cn/
https://smbc-card.emhaq.cn/
https://smbc-card.l590.cn/
https://sotfnakbi.com/
https://spirusjms.com.pk/g/uploads/images/secure/
https://sukj1g.cn
https://supwasply-fice.yourtrap.com/
https://sxflhw.com/aeon
https://tm1plf.cn
https://toruthafp-they.otzo.com/msidecrt.php?sinvu7yfte=1
https://ubrjubf.com/
https://unpwinf.com/
https://unpwple.com/
https://us4wba.cn
https://v5erqb.cn
https://wangw29.cn
https://wkxanke.com/
https://woghadine-uld.almostmy.com/msidecrt.php?sinvu7yfte=1
https://www.2znteb.cn
https://www.ampbqfv.cn
https://www.aonz.jp.com.pmktbub.cn/aeon
https://hidden-pond-5b2c.5500244318075.workers.dev/?sso_reload=true
https://hidden-pond-5b2c.5500244318075.workers.dev/
https://www.axlxuol.cn
https://www.aygywmg.cn
https://www.biqdwyv.cn
https://www.dsdvlvb.cn
https://www.eki.co.jp-longin.vp2kja.cn/
https://www.frexmyh.cn
https://pub-8a45a991f2304c5faa41697125b93c63.r2.dev/index.html
https://www.ghdqnlr.cn
https://www.jdfda.com
https://www.jfsvah.com
https://www.jzfsdg.com
https://www.kaocab.com
https://www.kvmuvh.com
https://www.lkdkqnm.cn
https://www.lyiwouo.cn
https://www.mgzqrrd.cn
https://www.mhubiwz.cn
https://www.mngpogy.cn
https://www.mrlhpjp.cn
https://www.mwyofuk.cn
https://www.myznjy.com
https://www.nfompzc.cn
https://www.ngpqde.com
https://www.nlmvita.cn
https://www.nlsldrn.cn
https://urxebqx.com/
https://www.nmbxeig.cn
https://www.oqtwuyr.cn
https://urxebqz.com/
https://www.ordfyyg.cn
https://www.owuwczg.cn
https://www.oztoqvu.cn
https://www.pinganbk.com
https://www.pioansf.cn
https://www.pqdzjpe.cn
https://www.pucjfdr.cn
https://www.puluhw.com
https://www.qohtezm.cn
https://www.qsopyoa.cn
https://www.qwfrsx.com
https://urxebtx.com/
https://www.qwvkd.cn
https://www.qzmafc.com
https://www.rnqrssd.cn
https://www.rodnjyd.cn
https://www.ryzkdqy.cn
https://www.sckpjc.com
https://www.sencheqin.com
https://www.srxxemv.cn
https://www.sshuuya.cn
https://www.tcmghf.com
https://www.tjbjgx.com
https://www.tlvu4b.cn
https://www.trhyls.com
https://www.trkxdbh.cn
https://www.tsoifzn.cn
https://www.txncbe.com
https://www.txt-sy.com
https://www.uhtxikj.cn
https://www.viglobal.cn
https://www.vvvknmg.cn
https://www.wakjnue.cn
https://www.wasmjrg.cn
https://www.wkbextm.cn
https://www.xdbkyix.cn
https://www.xkfphwk.cn
https://www.xxahe.cn
https://www.xylejiy.cn
https://www.yfmsddg.cn
https://www.zfjyrf.com
https://www.ziupzrx.cn
https://www.zqdcyh.com
https://www.zzbjmnw.cn
https://x4feta.cn
https://y3puec.cn
https://ycvdutm.cn
https://yfskkj.com/aeon
https://ypdhl.com/aeon
https://yunfuchux1.cn
https://yunkejix1.cn
https://yunnangx2.cn
https://yuntangx1.cn
https://zdjyjge.cn
http://haryon.co.uk/file/0HgpctVve1tHnHNMUVA7My7ObLEvwSFCaSLfqMhc2w/
http://rsworld.in/BLBPFr
https://009y.cn/
https://0authdesktvalidatenowdiscover.pages.dev
https://1yunlangx.cn/
https://26k7cb.cn/
https://3333n.cn/
https://amazon.co.ahzlpx.com/
https://amazon.co.kslfwz.com/
https://bainae.com/aeon
https://bitly.ws/3gqND
https://casheng.cn
https://cdhdhh.cn/
https://czbqia.cn
https://czj-gy.com/aeon
https://dftftqu.cn
https://dhgeer.cn
https://dpgtrru.cn
https://dqtyewz.cn
https://eichang.cn
https://espoeubf.com/
https://espoeunf.com/
https://eurobands.cn/
https://exfrrjqpif-988094.docusignininauthshare.workers.dev
https://filmhr.com/aeon
https://fxccjnm.cn
https://gtl5ja.cn
https://gzdolv.com/aeon
https://hlukdws.cn
https://ikhcok.com/
https://inybubf.com/
https://iypnykp.cn
https://uspw.usspale.top/update?=2
https://bitly.ws/3gvR3
https://uspw.usspale.top/
https://uspw.usspalf.top/update?=2
https://bitly.ws/3gvRc
https://uspw.usspalf.top/
https://bit.ly/3TEAHod
https://casfa.top/eJw7zD
https://bit.ly/3TTH0FH
https://zhtujr.com/daQ9O9/?t=OoibLJQ9RS
https://bit.ly/3TwriyH
https://hucn.top/index
https://bit.ly/3xhchcx
https://dahuu.top/index
https://bit.ly/43tHOEa
https://sczzc.top/exGbLN
https://bit.ly/4cERQXx
https://belpost.by-home.icu/by
https://bit.ly/canadaapost
https://canadaapost.cfd/tDA74v
https://bit.ly/3PvWblL
https://booking.info325.com/181872281
https://bit.ly/3xc4rRP
https://vwy.lcg.mybluehost.me/CH/
https://shhun.top/index
https://bit.ly/491LJKi
https://iframe6.otomatis.vip/?data=eyJjbGllbnQiOiJncnVwMTcxIiwibGFiZWwiOiIiLCJ1dWlkIjoiZDNmYmM3YzctODdjNC00NjJhLThmZGItODQ0YzcyNWNmNzA2Iiwibm1pZCI6IklEMjAyNDMwOTg4NjE4MCIsInN0b3JlX2lkIjoiNDQyMDAyOTU4NDUyODYiLCJiZ2NvbG9yIjoidHJhbnNwYXJlbnQiLCJib3JkZXJjb2xvciI6IiNGRkZGRkYiLCJmb250Y29sb3IiOiIjRkZGRkZGIiwibWluIjoxMDAwLCJtYXgiOjEwMDAwMDAwfQ==
https://is.gd/01nOQo
https://correcargentlros.top/ar
https://is.gd/1nd5VG
https://tpostmoc-gov.world/kv
https://is.gd/1QHi9n
https://post-eoes7.top/1IpwxT
https://correostsposts.vip/gtm
https://is.gd/2SZoXC
https://correostsposts.xyz/gob
https://is.gd/3cW3Bm
https://newbg-postzy.top/i
https://is.gd/4SQ4Py
https://correoargentino-vux.top/i
https://is.gd/4SwHUk
https://jtexpress-s.cc/my
https://is.gd/4x5DK0
https://dhlmhomes.top/mx
https://is.gd/6gRMsE
https://is.gd/71qQET
https://azerposta.mom/az
https://is.gd/7pj8yn
https://p0stnord.cyou/0aw7LA
https://is.gd/7tIpfw
https://ceskaposta-rk.top/i
https://is.gd/7XvV2e
https://pttgovs.one/tr
https://is.gd/804fMa
https://pub-05cd01691e2f4e78a4ea38fc953d40ec.r2.dev/AAGNRvHz9K_VMyDWkQ4zHBNNU4Ju3ouLqB8AccountsLogin.html
https://is.gd/8jkPV7?XAk=TjGKnp
https://postashqiptares.bar/al/
https://is.gd/9UyrrF
https://ghanaparcel.xyz/N4cPu9
https://is.gd/AFJc3d
https://postoffice-sa.vip/SouthAfricanPost
https://is.gd/anaKOO
https://honducor.xyz/gob
https://is.gd/B8f4qc
https://correos-uh.top/i
https://is.gd/CaI7Yi
https://is.gd/cCoOm7
https://is.gd/ccPhXc
https://correoargeuvx.top/ar
https://poasta.top/bg
https://is.gd/CrPOO7
https://z.zjled.xyz/LMJ1Vj/
https://is.gd/d00aFr
https://ausposthaut.xyz/cz
https://is.gd/dGiz1R
https://is.gd/DhZMKr
https://pakistanparcel.info/sCZaMZ
https://is.gd/DuLoh9
https://postnord-se-c.top/EGIUXy/
https://is.gd/DzrwrU
https://is.gd/E0W6Fs
https://post-newbgx.top/i
https://is.gd/E2EeBH
https://czech-bags-s.top/iGyQPW
https://corieje.top/ste
https://is.gd/ekcaGZ
https://posta-rs.one/rs/
https://is.gd/fdgTy3
https://casaloase.com/pj0cNC
https://is.gd/FIQKjT
https://post-puerto.vip/pr
https://is.gd/GJGo2C
https://corneoargertllro.top/ar
https://uspd.usspoy.top/update?=2
https://is.gd/GlB1Nu
https://uspd.usspoy.top/
https://is.gd/gSetFX
https://peruspost.xyz/per
https://is.gd/HdafHG
https://is.gd/hfEBsH
https://p0stnord.world/eBaT6f
https://is.gd/hi6ZV3
https://correoargertvjt.top/ar
https://is.gd/hq9qaa
https://post-mys.shop/gov
https://is.gd/hScv6e
https://israelpostes-co.top/il
https://is.gd/hxnHTT
https://postoffioe-co.com/za
https://is.gd/ip4Cd2
https://perutpost.cc/per
https://is.gd/j6eCck
https://postoffioeulw.top/za
https://is.gd/jQHoxL
https://post-mys.cyou/gov
https://is.gd/jwEUr9
https://epgovpk.cc/Vok1dm
https://is.gd/Kb1Fum
https://newbg-postf.top/i
https://is.gd/KI8yxd
https://correoargertowp.top/ar
https://is.gd/KlCOMMM
https://royalmail.trackingw.top/information
https://is.gd/klCQqn
https://post-speru.cc/per
https://is.gd/KYI2KASAC
https://is.gd/KzczGM
https://canadapost--post.cyou/track
https://guatemalanparcel.xyz/MbkFZy
https://is.gd/l3iYQ9
https://pcstofflce.top/za
https://is.gd/L9Vd5Z
https://dhlxhomes.top/mx
https://is.gd/LaAr3m
https://uspd.ussply.top/update?=2
https://uspd.ussply.top/
https://uspt.us02wr61b8.co/update?=3
https://is.gd/Lce4zR
https://uspt.us02wr61b8.co/
https://is.gd/LK3cc6
https://ukrainaposta.cfd/dc
https://is.gd/NA7e9S
https://is.gd/NCnRGK
https://corneoargertlio.top/ar
https://is.gd/nPKErn
https://is.gd/nrusDb
https://dhl-de.helppm.top/MoQaHA
https://is.gd/Oj3g7g
https://uspw.usspakq.top/update?=2
https://uspw.usspakq.top/
https://is.gd/OQ7VYY
https://is.gd/oRY37P
https://ziipai.com/ZC8NSQ
https://is.gd/Pd252r
https://newbg-postzm.top/i
https://is.gd/pne1On
https://postn0rd.world/0aw7LA
https://is.gd/Post2n
https://postnord.asia/vara-verktyg
https://is.gd/pqB7Wr
https://is.gd/pQRJ6B
https://is.gd/pt8cBM
https://is.gd/pvYmiy
https://clpost.cyou/ch/
https://is.gd/Pzyu5r
https://post-mys.cc/gov
https://is.gd/qjAhtr
https://is.gd/R2r47A
https://is.gd/r6Aw0e
https://correcagentlros.top/ar
https://is.gd/RubP64
https://is.gd/rUtOdp
https://is.gd/sdcyAU
https://bklm8.com/pj0cNC
https://is.gd/SrV4gu
https://grc-past.top/gr
https://is.gd/SvdRNz
https://peruspost.top/per
https://is.gd/Sw6QFQ
https://correoargertlio.top/ar
https://uspt.us05wr55b2.co/update?=3
https://is.gd/T9ZKSp
https://uspt.us05wr55b2.co/
https://cliont.clicketcloud.com/index.html?https://santander.com.br
https://uspw.usspakv.top/update?=1
https://is.gd/tjynL0
https://uspw.usspakv.top/
https://is.gd/TsdUy6
https://swcapital.top/Fwb67F
https://cliont.clicketcloud.com/?452415
http://enredenv.clicketcloud.com/goole.com.php/index.php?https://santander.com.br
https://is.gd/TvcEyE
https://qtr.phsawost.com/WEER0w
https://is.gd/TVh4lF
https://cliont.clicketcloud.com/?516882
https://conreoargertlio.top/ar
https://enredenv.clicketcloud.com/goole.com.php/index.php?https://santander.com.br
https://is.gd/tVosJx
https://royalmaillil.top/i
https://is.gd/U2k0QY
https://pttgov.yachts/tr/
https://is.gd/UAps3n
https://u.apost.top/ua
https://is.gd/Uapsnts
https://ukrposhta.me/ua
https://is.gd/UKCOMY
https://is.gd/uMj0WH
https://post-a.click/AZ
https://is.gd/UVRbqi
https://post-eoes3.top/1IpwxT
https://cliont.clicketcloud.com/?https://santander.com.br
https://is.gd/V49um8
https://cliont.clicketcloud.com/?412019
https://enredenv.clicketcloud.com/goole.com.php/_1669.8961985292021?https://santander.com.br
https://isliolpostcconline.top/1
https://cliont.clicketcloud.com/limaclik.php?https://santander.com.br
https://is.gd/vdbLwK
http://cliont.clicketcloud.com/limaclik.php
https://perutpost.xyz/per
https://cliont.clicketcloud.com/limaclik.php
https://is.gd/vIzlIA
https://correoargedxt.top/ar
https://cliont.clicketcloud.com/index.html
https://cliont.clicketcloud.com/?601296
https://is.gd/VlS6XY
https://post-eoes9.top/1IpwxT
https://cliont.clicketcloud.com/?655824
https://enredenv.clicketcloud.com/goole.com.php/_1669.8961985292021
https://is.gd/VVhfzx
https://pub-da245c1b4b044adb8d9b1e58b246fab7.r2.dev/pi.html
https://canada-postesca.com/u2sHnl/
https://is.gd/W5vfQm
https://p0stnord.icu/0aw7LA
https://is.gd/WyFt0k
https://basic-bundle-rough-voice-82f8.tuzza1986.workers.dev/?state=null&amp;sso_reload=true
https://is.gd/X8MteM
https://is.gd/xJoe2t
https://basic-bundle-weathered-cell-6401.tuzza1986.workers.dev/
https://p0stnord.xyz/eBaT6f
https://is.gd/Y08b1l
https://is.gd/yoau9D
https://newbg-typost.top/i
https://is.gd/yowgZt
https://is.gd/YQqh43
https://correo-gob.xyz/sv
https://is.gd/z3pUfT
https://worker-ancient-meadow-4c1b.icecrreambon.workers.dev/
https://is.gd/zABccp
https://is.gd/ZoreLq
https://dhl-de.helpyy.top/gsVgxM
https://is.gd/EpJMK8
https://inscripciondeseguromensualcol.brizy.site/
https://is.gd/ft7yUn
https://postenplus.sbs/Dqv9wo/
https://is.gd/z9GCeU
https://cloudflare-ipfs.com/ipfs/QmW4kE6a8nvdHkc1vuEe9JKRahmGNPud3csxH5TGt3zNYv
https://is.gd/noxd81
https://postpl.shop/ncorr7
https://upsmxmrsc.cyou/wullhI
https://inpostcloud.cfd/pl
https://upsmxicups.cyou/cfVdOC
https://uspt.us04wr54b1.co/update?=2
https://uspt.us04wr54b1.co/
https://upgradenow368.weebly.com/
https://mngdgaicniae.cyou/mXdIn9
https://vocaleecoute.wixsite.com/my-site-1
https://qlj.yek.mybluehost.me/zz/pagomente/Recibir_paquete.php
https://kucoin-loginx.godaddysites.com/
https://post-at-168.net/WPbDN8
https://sgv.dov.mybluehost.me/ca/
https://conbueiprel0gi.godaddysites.com/
https://melodic-periodic-prawn.glitch.me/donut.html
https://uspm.us02wr16b8.co/update
https://uspm.us02wr16b8.co/
https://idt-ionos.vercel.app/
https://foxxedesjdk-ea1ea5.ingress-earth.ewp.live/wp-contact/
https://robtox.com.cm/user/1402523588/profile
https://limerancehot.cyou/bdl8AB
http://emgdukress.cyou/DvnGPn
https://keuicuoeinlueioginx.godaddysites.com/
https://msvcaa.top/Ekk
https://usto.us01wr33b7.co/update?serch=852
https://usto.us01wr33b7.co/
https://jpb.vxg.mybluehost.me/wp-admin/css/colors/ectoplasm/kol/lecoud/doue/
https://lud.mlg.mybluehost.me/log-in/edp/EDP%20Webmail.html
https://365.linwanrong.workers.dev/?sso_reload=true
https://365.linwanrong.workers.dev/
https://msvcxz.top/Ekk
https://uspo.us01wr42b7.co/update?=2
https://uspo.us01wr42b7.co/
https://purateal.cyou/KkgXN9
http://eimcjzv.cluster029.hosting.ovh.net/
https://dev-02558855888es.pantheonsite.io/
https://shorturl.at/acB49
https://ceskapostaczsgroup.top/O6IHJA
https://pnc-tsp.top/i
https://shorturl.at/adkJO
https://post-ll.sbs/dUV4i
https://shorturl.at/aekH2
https://postaslvo.top/zasebno
https://shorturl.at/AEM47
https://post-ilt.boats/zrYiTL
https://shorturl.at/agorM
https://shorturl.at/AHPT5
https://confirmation.verif-identity.workers.dev/
https://correosgob.top/Qkj6X6
https://shorturl.at/aKV48
https://post-tt.one/dUV4i
https://trevorservices.trevor3340.workers.dev/
https://shorturl.at/aZ049
https://postlt.trackinq.top/i
https://shorturl.at/bCXY5
https://post-lt.net.cn/lt
https://sreassaas.adexfruitssssr.workers.dev/
https://azerpost.me/az
https://shorturl.at/betE6
https://correosgobv-sv.top/yxY08B
https://shorturl.at/bFQSX
https://post-tt.boats/i
https://chats.ourtiime-cdn.workers.dev/
https://shorturl.at/BFRS6
https://ceskapostaczxdesign.top/O6IHJA
https://shorturl.at/bgAHW
https://ukrposhtl.top/VIJO9T/
https://shorturl.at/bhGRY
https://upssoftware.top/VfCtoP
https://shorturl.at/cemrO
https://postterhr.top/dNiYtV
https://shorturl.at/cfhDJ
https://omnivaeepostlaw.top/BUoJTr
https://post-lt.network/dUV4i
https://shorturl.at/cglwM
https://post-hn.top/6z5ChG
https://shorturl.at/ckEW1
https://post-tt.guru/dUV4i
https://shorturl.at/clnoE
https://post-li.autos/i
https://shorturl.at/clpFZ
https://dhldepostj.top/BvC5mO
https://shorturl.at/cNOYZ
https://post-li.lat/i
https://shorturl.at/cruM2
https://onevisec.com/
https://shorturl.at/cxJK1
https://one.viseca.net/login/
https://ukrposhte.cfd/xBM4Y6
https://shorturl.at/czY34
https://1717ly.com/admin/
https://shorturl.at/DGHW1
https://vzer.top/index
https://shorturl.at/divUY
https://shorturl.at/dmAQ7
https://post-it.homes/i
https://shorturl.at/dqX05
https://cyp.cy-pegh.top/wcohvZ
https://shorturl.at/dyISV
https://xzw4722.pages.dev/
https://correoscgob-sv.top/hEu35E
https://shorturl.at/eBEY7
https://ceskaposta-cz.autos/i
https://shorturl.at/emBQZ
https://weathered-boat-0f9d.paulw2453.workers.dev/
https://shorturl.at/fEVY9
https://post-it.hair/i
https://confirmation.chat-datting.workers.dev/
https://shorturl.at/fgoK2
https://ukrposhtaz.top/ua
https://shorturl.at/fhpR7
https://dkpostfirst.info/First
https://shorturl.at/fLVY0
https://shorturl.at/fmAMV
https://post-tt.icu/dUV4i
https://shorturl.at/ghoAN
https://shorturl.at/gijGM
https://postasvn.top/zasebno
https://shorturl.at/gnDLO
https://correosdeliverc-sv.top/hEu35E
https://shorturl.at/goBCW
https://firstposte.info/First
https://uspw.usspakb.top/update?=1
https://shorturl.at/guTV1
https://upholdbplogin.godaddysites.com/
https://uspw.usspakb.top/
https://shorturl.at/gwIO1
https://postczech.top/post
https://shorturl.at/hiJTW
https://cz-homeq.icu/cz
https://correosgobb-sv.top/yxY08B
https://shorturl.at/hntV6
https://shorturl.at/hoBIP
https://cyp.cy-pedl.top/wcohvZ
https://shorturl.at/irwKS
https://shorturl.at/iwzGT
https://shorturl.at/jqGIW
https://post-it.mom/i
https://shorturl.at/klHM3
https://matemaski-login.godaddysites.com/
https://inpostsd-hs.top/i
https://shorturl.at/ktwY3
https://inpost-sg.top/i
https://shorturl.at/kwyI2
https://ceskapostar.info/cz
https://shorturl.at/lFGMS
https://postatesi.top/si
https://shorturl.at/lmr48
https://postalt.buzz/lt
https://shorturl.at/lsyLN
https://shorturl.at/lzL02
https://shorturl.at/mouO9
https://inpostlll.top/PuNjCL
https://shorturl.at/nrDFG?leu=sdDpqR
https://pklys.top/sup
https://shorturl.at/ov019
https://mexidhl.top/MX
https://community-flagged-124330.netlify.app/form.html
https://shorturl.at/owETU
https://post-it.quest/i
https://shorturl.at/pBIP1
https://post-it.buzz/i
https://shorturl.at/psuwA
https://postltapp.info/dUV4i
https://shorturl.at/puEI4
https://inpostd-dk.top/i
https://shorturl.at/quHIZ
https://pnc-nau.top/i
https://terracoteesakkakkeh.claysonuowoioywe.workers.dev/
https://shorturl.at/rL158
https://postlt.reisen/dUV4i
https://shorturl.at/rtKOV
https://cyp.cy-perm.top/wcohvZ
https://shorturl.at/sxO79
https://coinzbaseprolo0gin.godaddysites.com/
https://pl-in-post.top/T4mWnp
https://ltsla.top/sup
https://shorturl.at/vEJO2
https://hosze.top/index
https://shorturl.at/vEKX9
https://dzek.top/index
https://shorturl.at/vxAC1
https://cyp.cy-penr.top/wcohvZ
https://shorturl.at/vzJ06
https://shorturl.at/vzMNS
https://inpost-pl.team/oLVoNY
https://shorturl.at/wDMRT
https://post-it.autos/i
https://shorturl.at/wFPXZ
https://shorturl.at/xHJU2
https://post-lt.reisen/dUV4i
https://fuygu.pages.dev/
https://shorturl.at/xyKPZ
https://quicktrackdirect.sbs/a
https://shorturl.at/zCGKO
https://post-tt.cfd/i
https://shorturl.at/zDGI8
https://cyp.cy-pekx.top/wcohvZ
https://shorturl.at/zIJV2
https://post-ilt.homes/zrYiTL
https://shorturl.at/cAGU9
https://checkdelivery-be.info/
https://shorturl.at/hmvJM
https://post-tt.christmas/dUV4i
https://shorturl.at/irDW0
https://fi4tfn.webwave.dev/
https://steamcomunite.com/welcom/SpringGiftActivation
https://shorturl.at/bzAXY
https://steamcomunite.com/welcom/SpriggGiftActivation
https://shorturl.at/gmJLM
https://staemcomunite.com/SpringGiftAcvivation
https://shorturl.at/yEL12
https://stteamcommunity.com/welcom/SprinvGiftActivation
https://steamcomumnity.com/digitalgiftcards/id/24612829
https://shorturl.at/nAFU2
https://steamcommunmitly.com/gift/activation/oeor37569hFvrba1
https://shorturl.at/kFGNS
https://steamcommnnuty.com/case/contefts
https://shorturl.at/xBFQ2
https://steamcomumnity.com/case/contents
https://tinyurl.com/244b6pzp
https://ceskppostaaa.boats/i/
https://tinyurl.com/248rmkkn?iWe=s6EUizIPHS
https://postltssusa.top/lt
https://tinyurl.com/25yw9zng
https://rundblick-interaktiv.de/it.html?68772
https://tinyurl.com/285q8k8t
https://rundblick-interaktiv.de/it.html?01433
https://tinyurl.com/29s2zmke?COP=fYAUKIRfd0
https://correopostcr.xyz/go.cr/?COP=fYAUKIRfd0
https://tinyurl.com/2b7mchdn
https://ggplljyut.top/wOCJNk
https://tinyurl.com/2cbwphcr
https://rundblick-interaktiv.de/it.html?69172
https://tinyurl.com/2cmbpxw5
https://usps-check.com/pr
https://tinyurl.com/2cvurtmn
https://xneilzsan.top/kUquEi
https://usto.us02wr25b8.co/update?server=one
https://tinyurl.com/2ka2a5kw
https://usto.us02wr25b8.co/
https://tinyurl.com/2m8jmhby
https://ssvdynnjs.ink/wOCJNk
https://tinyurl.com/2nhy6umn
https://xneiopsan.top/kUquEi
https://tinyurl.com/2p7v9rzb
https://usto.us08wr31b5.co/update?d=885
https://usto.us08wr31b5.co/
https://tinyurl.com/2p9xjnxr
https://postasik-sk.top/sk
https://tinyurl.com/2r9sz2td
https://cz.cz-ceskapostet.top/track
https://tinyurl.com/36ep4pnt
https://dneier-san.top/kUquEi
https://tinyurl.com/3dck5979
https://tinyurl.com/3kx2dztd?UIf=EuFwqT3TTl
https://etistcsq.icu/qa?UIf=EuFwqT3TTl
https://correos-gok.com/go
https://tinyurl.com/3mwafx8s?ahc=7wczKWLe3R
https://xneighsan.top/kUquEi?ahc=7wczKWLe3R
https://tinyurl.com/3n4ftz65?ZRb=VfM4lDuAV5
https://etwiscsq.icu/qa?ZRb=VfM4lDuAV5
https://tinyurl.com/3nauew9s?zGL=Uf5hrt5Gt7
https://posta1a.mom/sv/?zGL=Uf5hrt5Gt7